{
  "method": "fullft",
  "perplexity": 2.385520293453167,
  "avg_loss": 0.8694172529397969,
  "num_samples": 500
}